Model Indicator Name,Default Indicator Name,Unit of Entry,Note
Annual GHG Emissions|Agriculture,Emissions|GHG Emissions by Sector|Agriculture,MMT CO2e,
Annual GHG Emissions|Residential and Commercial,Emissions|GHG Emissions by Sector|Buildings,MMT CO2e,
Annual GHG Emissions|Electric Power,Emissions|GHG Emissions by Sector|Electricity,MMT CO2e,
Annual GHG Emissions|High GWP,,MMT CO2e,
Annual GHG Emissions|Industrial,Emissions|GHG Emissions by Sector|Industry,MMT CO2e,
Annual GHG Emissions|Recycling and Waste,Emissions|GHG Emissions by Sector|Waste,MMT CO2e,this indicator also includes emissions from recycling
Annual GHG Emissions|Transportation (Incl. TCU),Emissions|GHG Emissions by Sector|Transportation,MMT CO2e,
Annual GHG Emissions|Total,Emissions|Total GHG Emissions|Excluding LULUCF,MMT CO2e,
Energy GHG Emissions|Agriculture,,MMT CO2e,
Energy GHG Emissions|Residential and Commercial,,MMT CO2e,
Energy GHG Emissions|Electric Power,,MMT CO2e,
Energy GHG Emissions|Industrial,,MMT CO2e,
Energy GHG Emissions|Transportation (Incl. TCU),,MMT CO2e,
Energy GHG Emissions|Total,Emissions|Total GHG Emissions|Energy Related,MMT CO2e,
Final energy demand|Pipeline Gas|,Energy|Final Energy by Fuel|Gases,EJ,
Final energy demand|Pipeline Gas|Natural Gas,,EJ,
Final energy demand|Pipeline Gas|Biogas,Energy|Final Energy by Fuel|Gaseous Biomass,EJ,
Final energy demand|Pipeline Gas|Synthetic Gas,,EJ,
Final energy demand|Pipeline Gas|Pipeline Hydrogen,,EJ,
Final energy demand|Gasoline|,Energy|Final Energy by Fuel|Gasoline,EJ,
Final energy demand|Gasoline|Gasoline,,EJ,
Final energy demand|Gasoline|Renewable Gasoline,,EJ,
Final energy demand|Diesel|,Energy|Final Energy by Fuel|Diesel,EJ,
Final energy demand|Diesel|Diesel,,EJ,
Final energy demand|Diesel|Renewable Diesel,,EJ,
Final energy demand|Electricity|,Energy|Final Energy by Fuel|Electricity,EJ,
Final energy demand|Hydrogen|,Energy|Final Energy by Fuel|Hydrogen,EJ,
Final energy demand|Other Fuels|,Energy|Final Energy by Fuel|Other,EJ,
Final energy demand|Total|,Energy|Final Energy by Fuel|Total,EJ,
Final energy demand|PATHWAYS - Reference|Coke,,EJ,
Final energy demand|PATHWAYS - Reference|Compressed Pipeline Gas (CNG),,EJ,
Final energy demand|PATHWAYS - Reference|Diesel,,EJ,
Final energy demand|PATHWAYS - Reference|Electricity,Energy|Final Energy Use by Sector|Electricity,EJ,
Final energy demand|PATHWAYS - Reference|Fuel Oil,,EJ,
Final energy demand|PATHWAYS - Reference|Gasoline,,EJ,
Final energy demand|PATHWAYS - Reference|Hydrogen,,EJ,
Final energy demand|PATHWAYS - Reference|Kerosene,,EJ,
Final energy demand|PATHWAYS - Reference|Kerosene-Jet Fuel,,EJ,
Final energy demand|PATHWAYS - Reference|Liquified Pipeline Gas (LNG),,EJ,
Final energy demand|PATHWAYS - Reference|LPG,,EJ,
Final energy demand|PATHWAYS - Reference|Pipeline Gas,,EJ,
Final energy demand|PATHWAYS - Reference|Refinery and Process Gas,,EJ,
Final energy demand|PATHWAYS - Reference|Waste Heat,,EJ,
Final energy demand|PATHWAYS - Reference|Wood,,EJ,
Final energy demand|PATHWAYS - Reference|Total,,EJ,
Final energy demand|PATHWAYS - Reference|Residential,Buildings|Energy Use By Sub-Sector|Residential,EJ,
Final energy demand|PATHWAYS - Reference|Commercial,Buildings|Energy Use By Sub-Sector|Commercial,EJ,
Final energy demand|PATHWAYS - Reference|Transportation,Energy|Final Energy Use by Sector|Transportation,EJ,
Final energy demand|PATHWAYS - Reference|Industrial,Energy|Final Energy Use by Sector|Industry,EJ,
Final energy demand|PATHWAYS - Reference|Oil & Gas Extraction,,EJ,
Final energy demand|PATHWAYS - Reference|Petroleum Refining,,EJ,
Final energy demand|PATHWAYS - Reference|Agriculture,Energy|Final Energy Use by Sector|Agriculture,EJ,
Final energy demand|PATHWAYS - Reference|TCU,,EJ,
Final energy demand|PATHWAYS - Reference|Unspecified,,EJ,
Final energy demand|PATHWAYS - CEC 2050|Coke,,EJ,
Final energy demand|PATHWAYS - CEC 2050|Compressed Pipeline Gas (CNG),,EJ,
Final energy demand|PATHWAYS - CEC 2050|Diesel,,EJ,
Final energy demand|PATHWAYS - CEC 2050|Electricity,Energy|Final Energy Use by Sector|Electricity,EJ,
Final energy demand|PATHWAYS - CEC 2050|Fuel Oil,,EJ,
Final energy demand|PATHWAYS - CEC 2050|Gasoline,,EJ,
Final energy demand|PATHWAYS - CEC 2050|Hydrogen,,EJ,
Final energy demand|PATHWAYS - CEC 2050|Kerosene,,EJ,
Final energy demand|PATHWAYS - CEC 2050|Kerosene-Jet Fuel,,EJ,
Final energy demand|PATHWAYS - CEC 2050|Liquified Pipeline Gas (LNG),,EJ,
Final energy demand|PATHWAYS - CEC 2050|LPG,,EJ,
Final energy demand|PATHWAYS - CEC 2050|Pipeline Gas,,EJ,
Final energy demand|PATHWAYS - CEC 2050|Refinery and Process Gas,,EJ,
Final energy demand|PATHWAYS - CEC 2050|Waste Heat,,EJ,
Final energy demand|PATHWAYS - CEC 2050|Wood,,EJ,
Final energy demand|PATHWAYS - CEC 2050|Total,,EJ,
Final energy demand|PATHWAYS - CEC 2050|Residential,Buildings|Energy Use By Sub-Sector|Residential,EJ,
Final energy demand|PATHWAYS - CEC 2050|Commercial,Buildings|Energy Use By Sub-Sector|Commercial,EJ,
Final energy demand|PATHWAYS - CEC 2050|Transportation,Energy|Final Energy Use by Sector|Transportation,EJ,
Final energy demand|PATHWAYS - CEC 2050|Industrial,Energy|Final Energy Use by Sector|Industry,EJ,
Final energy demand|PATHWAYS - CEC 2050|Oil & Gas Extraction,,EJ,
Final energy demand|PATHWAYS - CEC 2050|Petroleum Refining,,EJ,
Final energy demand|PATHWAYS - CEC 2050|Agriculture,Energy|Final Energy Use by Sector|Agriculture,EJ,
Final energy demand|PATHWAYS - CEC 2050|TCU,,EJ,
Final energy demand|PATHWAYS - CEC 2050|Unspecified,,EJ,
Final energy demand|PATHWAYS - CEC 2050 Ref Industry Plus|Coke,,EJ,
Final energy demand|PATHWAYS - CEC 2050 Ref Industry Plus|Compressed Pipeline Gas (CNG),,EJ,
Final energy demand|PATHWAYS - CEC 2050 Ref Industry Plus|Diesel,,EJ,
Final energy demand|PATHWAYS - CEC 2050 Ref Industry Plus|Electricity,Energy|Final Energy Use by Sector|Electricity,EJ,
Final energy demand|PATHWAYS - CEC 2050 Ref Industry Plus|Fuel Oil,,EJ,
Final energy demand|PATHWAYS - CEC 2050 Ref Industry Plus|Gasoline,,EJ,
Final energy demand|PATHWAYS - CEC 2050 Ref Industry Plus|Hydrogen,,EJ,
Final energy demand|PATHWAYS - CEC 2050 Ref Industry Plus|Kerosene,,EJ,
Final energy demand|PATHWAYS - CEC 2050 Ref Industry Plus|Kerosene-Jet Fuel,,EJ,
Final energy demand|PATHWAYS - CEC 2050 Ref Industry Plus|Liquified Pipeline Gas (LNG),,EJ,
Final energy demand|PATHWAYS - CEC 2050 Ref Industry Plus|LPG,,EJ,
Final energy demand|PATHWAYS - CEC 2050 Ref Industry Plus|Pipeline Gas,,EJ,
Final energy demand|PATHWAYS - CEC 2050 Ref Industry Plus|Refinery and Process Gas,,EJ,
Final energy demand|PATHWAYS - CEC 2050 Ref Industry Plus|Waste Heat,,EJ,
Final energy demand|PATHWAYS - CEC 2050 Ref Industry Plus|Wood,,EJ,
Final energy demand|PATHWAYS - CEC 2050 Ref Industry Plus|Total,,EJ,
Final energy demand|PATHWAYS - CEC 2050 Ref Industry Plus|Residential,Buildings|Energy Use By Sub-Sector|Residential,EJ,
Final energy demand|PATHWAYS - CEC 2050 Ref Industry Plus|Commercial,Buildings|Energy Use By Sub-Sector|Commercial,EJ,
Final energy demand|PATHWAYS - CEC 2050 Ref Industry Plus|Transportation,Energy|Final Energy Use by Sector|Transportation,EJ,
Final energy demand|PATHWAYS - CEC 2050 Ref Industry Plus|Industrial,Energy|Final Energy Use by Sector|Industry,EJ,
Final energy demand|PATHWAYS - CEC 2050 Ref Industry Plus|Oil & Gas Extraction,,EJ,
Final energy demand|PATHWAYS - CEC 2050 Ref Industry Plus|Petroleum Refining,,EJ,
Final energy demand|PATHWAYS - CEC 2050 Ref Industry Plus|Agriculture,Energy|Final Energy Use by Sector|Agriculture,EJ,
Final energy demand|PATHWAYS - CEC 2050 Ref Industry Plus|TCU,,EJ,
Final energy demand|PATHWAYS - CEC 2050 Ref Industry Plus|Unspecified,,EJ,
Final energy demand|PATHWAYS - Current Policy Reference|Coke,,EJ,
Final energy demand|PATHWAYS - Current Policy Reference|Compressed Pipeline Gas (CNG),,EJ,
Final energy demand|PATHWAYS - Current Policy Reference|Diesel,,EJ,
Final energy demand|PATHWAYS - Current Policy Reference|Electricity,Energy|Final Energy Use by Sector|Electricity,EJ,
Final energy demand|PATHWAYS - Current Policy Reference|Fuel Oil,,EJ,
Final energy demand|PATHWAYS - Current Policy Reference|Gasoline,,EJ,
Final energy demand|PATHWAYS - Current Policy Reference|Hydrogen,,EJ,
Final energy demand|PATHWAYS - Current Policy Reference|Kerosene,,EJ,
Final energy demand|PATHWAYS - Current Policy Reference|Kerosene-Jet Fuel,,EJ,
Final energy demand|PATHWAYS - Current Policy Reference|Liquified Pipeline Gas (LNG),,EJ,
Final energy demand|PATHWAYS - Current Policy Reference|LPG,,EJ,
Final energy demand|PATHWAYS - Current Policy Reference|Pipeline Gas,,EJ,
Final energy demand|PATHWAYS - Current Policy Reference|Refinery and Process Gas,,EJ,
Final energy demand|PATHWAYS - Current Policy Reference|Waste Heat,,EJ,
Final energy demand|PATHWAYS - Current Policy Reference|Wood,,EJ,
Final energy demand|PATHWAYS - Current Policy Reference|Total,,EJ,
Final energy demand|PATHWAYS - Current Policy Reference|Residential,Buildings|Energy Use By Sub-Sector|Residential,EJ,
Final energy demand|PATHWAYS - Current Policy Reference|Commercial,Buildings|Energy Use By Sub-Sector|Commercial,EJ,
Final energy demand|PATHWAYS - Current Policy Reference|Transportation,Energy|Final Energy Use by Sector|Transportation,EJ,
Final energy demand|PATHWAYS - Current Policy Reference|Industrial,Energy|Final Energy Use by Sector|Industry,EJ,
Final energy demand|PATHWAYS - Current Policy Reference|Oil & Gas Extraction,,EJ,
Final energy demand|PATHWAYS - Current Policy Reference|Petroleum Refining,,EJ,
Final energy demand|PATHWAYS - Current Policy Reference|Agriculture,Energy|Final Energy Use by Sector|Agriculture,EJ,
Final energy demand|PATHWAYS - Current Policy Reference|TCU,,EJ,
Final energy demand|PATHWAYS - Current Policy Reference|Unspecified,,EJ,
Final energy demand|PATHWAYS - CEC 2050 Ref LDV VMT Plus|Coke,,EJ,
Final energy demand|PATHWAYS - CEC 2050 Ref LDV VMT Plus|Compressed Pipeline Gas (CNG),,EJ,
Final energy demand|PATHWAYS - CEC 2050 Ref LDV VMT Plus|Diesel,,EJ,
Final energy demand|PATHWAYS - CEC 2050 Ref LDV VMT Plus|Electricity,Energy|Final Energy Use by Sector|Electricity,EJ,
Final energy demand|PATHWAYS - CEC 2050 Ref LDV VMT Plus|Fuel Oil,,EJ,
Final energy demand|PATHWAYS - CEC 2050 Ref LDV VMT Plus|Gasoline,,EJ,
Final energy demand|PATHWAYS - CEC 2050 Ref LDV VMT Plus|Hydrogen,,EJ,
Final energy demand|PATHWAYS - CEC 2050 Ref LDV VMT Plus|Kerosene,,EJ,
Final energy demand|PATHWAYS - CEC 2050 Ref LDV VMT Plus|Kerosene-Jet Fuel,,EJ,
Final energy demand|PATHWAYS - CEC 2050 Ref LDV VMT Plus|Liquified Pipeline Gas (LNG),,EJ,
Final energy demand|PATHWAYS - CEC 2050 Ref LDV VMT Plus|LPG,,EJ,
Final energy demand|PATHWAYS - CEC 2050 Ref LDV VMT Plus|Pipeline Gas,,EJ,
Final energy demand|PATHWAYS - CEC 2050 Ref LDV VMT Plus|Refinery and Process Gas,,EJ,
Final energy demand|PATHWAYS - CEC 2050 Ref LDV VMT Plus|Waste Heat,,EJ,
Final energy demand|PATHWAYS - CEC 2050 Ref LDV VMT Plus|Wood,,EJ,
Final energy demand|PATHWAYS - CEC 2050 Ref LDV VMT Plus|Total,,EJ,
Final energy demand|PATHWAYS - CEC 2050 Ref LDV VMT Plus|Residential,Buildings|Energy Use By Sub-Sector|Residential,EJ,
Final energy demand|PATHWAYS - CEC 2050 Ref LDV VMT Plus|Commercial,Buildings|Energy Use By Sub-Sector|Commercial,EJ,
Final energy demand|PATHWAYS - CEC 2050 Ref LDV VMT Plus|Transportation,Energy|Final Energy Use by Sector|Transportation,EJ,
Final energy demand|PATHWAYS - CEC 2050 Ref LDV VMT Plus|Industrial,Energy|Final Energy Use by Sector|Industry,EJ,
Final energy demand|PATHWAYS - CEC 2050 Ref LDV VMT Plus|Oil & Gas Extraction,,EJ,
Final energy demand|PATHWAYS - CEC 2050 Ref LDV VMT Plus|Petroleum Refining,,EJ,
Final energy demand|PATHWAYS - CEC 2050 Ref LDV VMT Plus|Agriculture,Energy|Final Energy Use by Sector|Agriculture,EJ,
Final energy demand|PATHWAYS - CEC 2050 Ref LDV VMT Plus|TCU,,EJ,
Final energy demand|PATHWAYS - CEC 2050 Ref LDV VMT Plus|Unspecified,,EJ,
Final energy demand|PATHWAYS - CEC 2050 High Biofuels|Coke,,EJ,
Final energy demand|PATHWAYS - CEC 2050 High Biofuels|Compressed Pipeline Gas (CNG),,EJ,
Final energy demand|PATHWAYS - CEC 2050 High Biofuels|Diesel,,EJ,
Final energy demand|PATHWAYS - CEC 2050 High Biofuels|Electricity,Energy|Final Energy Use by Sector|Electricity,EJ,
Final energy demand|PATHWAYS - CEC 2050 High Biofuels|Fuel Oil,,EJ,
Final energy demand|PATHWAYS - CEC 2050 High Biofuels|Gasoline,,EJ,
Final energy demand|PATHWAYS - CEC 2050 High Biofuels|Hydrogen,,EJ,
Final energy demand|PATHWAYS - CEC 2050 High Biofuels|Kerosene,,EJ,
Final energy demand|PATHWAYS - CEC 2050 High Biofuels|Kerosene-Jet Fuel,,EJ,
Final energy demand|PATHWAYS - CEC 2050 High Biofuels|Liquified Pipeline Gas (LNG),,EJ,
Final energy demand|PATHWAYS - CEC 2050 High Biofuels|LPG,,EJ,
Final energy demand|PATHWAYS - CEC 2050 High Biofuels|Pipeline Gas,,EJ,
Final energy demand|PATHWAYS - CEC 2050 High Biofuels|Refinery and Process Gas,,EJ,
Final energy demand|PATHWAYS - CEC 2050 High Biofuels|Waste Heat,,EJ,
Final energy demand|PATHWAYS - CEC 2050 High Biofuels|Wood,,EJ,
Final energy demand|PATHWAYS - CEC 2050 High Biofuels|Total,,EJ,
Final energy demand|PATHWAYS - CEC 2050 High Biofuels|Residential,Buildings|Energy Use By Sub-Sector|Residential,EJ,
Final energy demand|PATHWAYS - CEC 2050 High Biofuels|Commercial,Buildings|Energy Use By Sub-Sector|Commercial,EJ,
Final energy demand|PATHWAYS - CEC 2050 High Biofuels|Transportation,Energy|Final Energy Use by Sector|Transportation,EJ,
Final energy demand|PATHWAYS - CEC 2050 High Biofuels|Industrial,Energy|Final Energy Use by Sector|Industry,EJ,
Final energy demand|PATHWAYS - CEC 2050 High Biofuels|Oil & Gas Extraction,,EJ,
Final energy demand|PATHWAYS - CEC 2050 High Biofuels|Petroleum Refining,,EJ,
Final energy demand|PATHWAYS - CEC 2050 High Biofuels|Agriculture,Energy|Final Energy Use by Sector|Agriculture,EJ,
Final energy demand|PATHWAYS - CEC 2050 High Biofuels|TCU,,EJ,
Final energy demand|PATHWAYS - CEC 2050 High Biofuels|Unspecified,,EJ,
Final energy demand|PATHWAYS - CEC 2050 No Heat Pumps Plus|Coke,,EJ,
Final energy demand|PATHWAYS - CEC 2050 No Heat Pumps Plus|Compressed Pipeline Gas (CNG),,EJ,
Final energy demand|PATHWAYS - CEC 2050 No Heat Pumps Plus|Diesel,,EJ,
Final energy demand|PATHWAYS - CEC 2050 No Heat Pumps Plus|Electricity,Energy|Final Energy Use by Sector|Electricity,EJ,
Final energy demand|PATHWAYS - CEC 2050 No Heat Pumps Plus|Fuel Oil,,EJ,
Final energy demand|PATHWAYS - CEC 2050 No Heat Pumps Plus|Gasoline,,EJ,
Final energy demand|PATHWAYS - CEC 2050 No Heat Pumps Plus|Hydrogen,,EJ,
Final energy demand|PATHWAYS - CEC 2050 No Heat Pumps Plus|Kerosene,,EJ,
Final energy demand|PATHWAYS - CEC 2050 No Heat Pumps Plus|Kerosene-Jet Fuel,,EJ,
Final energy demand|PATHWAYS - CEC 2050 No Heat Pumps Plus|Liquified Pipeline Gas (LNG),,EJ,
Final energy demand|PATHWAYS - CEC 2050 No Heat Pumps Plus|LPG,,EJ,
Final energy demand|PATHWAYS - CEC 2050 No Heat Pumps Plus|Pipeline Gas,,EJ,
Final energy demand|PATHWAYS - CEC 2050 No Heat Pumps Plus|Refinery and Process Gas,,EJ,
Final energy demand|PATHWAYS - CEC 2050 No Heat Pumps Plus|Waste Heat,,EJ,
Final energy demand|PATHWAYS - CEC 2050 No Heat Pumps Plus|Wood,,EJ,
Final energy demand|PATHWAYS - CEC 2050 No Heat Pumps Plus|Total,,EJ,
Final energy demand|PATHWAYS - CEC 2050 No Heat Pumps Plus|Residential,Buildings|Energy Use By Sub-Sector|Residential,EJ,
Final energy demand|PATHWAYS - CEC 2050 No Heat Pumps Plus|Commercial,Buildings|Energy Use By Sub-Sector|Commercial,EJ,
Final energy demand|PATHWAYS - CEC 2050 No Heat Pumps Plus|Transportation,Energy|Final Energy Use by Sector|Transportation,EJ,
Final energy demand|PATHWAYS - CEC 2050 No Heat Pumps Plus|Industrial,Energy|Final Energy Use by Sector|Industry,EJ,
Final energy demand|PATHWAYS - CEC 2050 No Heat Pumps Plus|Oil & Gas Extraction,,EJ,
Final energy demand|PATHWAYS - CEC 2050 No Heat Pumps Plus|Petroleum Refining,,EJ,
Final energy demand|PATHWAYS - CEC 2050 No Heat Pumps Plus|Agriculture,Energy|Final Energy Use by Sector|Agriculture,EJ,
Final energy demand|PATHWAYS - CEC 2050 No Heat Pumps Plus|TCU,,EJ,
Final energy demand|PATHWAYS - CEC 2050 No Heat Pumps Plus|Unspecified,,EJ,
Final energy demand|PATHWAYS - High SLCPs Plus|Coke,,EJ,
Final energy demand|PATHWAYS - High SLCPs Plus|Compressed Pipeline Gas (CNG),,EJ,
Final energy demand|PATHWAYS - High SLCPs Plus|Diesel,,EJ,
Final energy demand|PATHWAYS - High SLCPs Plus|Electricity,Energy|Final Energy Use by Sector|Electricity,EJ,
Final energy demand|PATHWAYS - High SLCPs Plus|Fuel Oil,,EJ,
Final energy demand|PATHWAYS - High SLCPs Plus|Gasoline,,EJ,
Final energy demand|PATHWAYS - High SLCPs Plus|Hydrogen,,EJ,
Final energy demand|PATHWAYS - High SLCPs Plus|Kerosene,,EJ,
Final energy demand|PATHWAYS - High SLCPs Plus|Kerosene-Jet Fuel,,EJ,
Final energy demand|PATHWAYS - High SLCPs Plus|Liquified Pipeline Gas (LNG),,EJ,
Final energy demand|PATHWAYS - High SLCPs Plus|LPG,,EJ,
Final energy demand|PATHWAYS - High SLCPs Plus|Pipeline Gas,,EJ,
Final energy demand|PATHWAYS - High SLCPs Plus|Refinery and Process Gas,,EJ,
Final energy demand|PATHWAYS - High SLCPs Plus|Waste Heat,,EJ,
Final energy demand|PATHWAYS - High SLCPs Plus|Wood,,EJ,
Final energy demand|PATHWAYS - High SLCPs Plus|Total,,EJ,
Final energy demand|PATHWAYS - High SLCPs Plus|Residential,Buildings|Energy Use By Sub-Sector|Residential,EJ,
Final energy demand|PATHWAYS - High SLCPs Plus|Commercial,Buildings|Energy Use By Sub-Sector|Commercial,EJ,
Final energy demand|PATHWAYS - High SLCPs Plus|Transportation,Energy|Final Energy Use by Sector|Transportation,EJ,
Final energy demand|PATHWAYS - High SLCPs Plus|Industrial,Energy|Final Energy Use by Sector|Industry,EJ,
Final energy demand|PATHWAYS - High SLCPs Plus|Oil & Gas Extraction,,EJ,
Final energy demand|PATHWAYS - High SLCPs Plus|Petroleum Refining,,EJ,
Final energy demand|PATHWAYS - High SLCPs Plus|Agriculture,Energy|Final Energy Use by Sector|Agriculture,EJ,
Final energy demand|PATHWAYS - High SLCPs Plus|TCU,,EJ,
Final energy demand|PATHWAYS - High SLCPs Plus|Unspecified,,EJ,
Final energy demand|PATHWAYS - CEC 2050 In-State Biofuels|Coke,,EJ,
Final energy demand|PATHWAYS - CEC 2050 In-State Biofuels|Compressed Pipeline Gas (CNG),,EJ,
Final energy demand|PATHWAYS - CEC 2050 In-State Biofuels|Diesel,,EJ,
Final energy demand|PATHWAYS - CEC 2050 In-State Biofuels|Electricity,Energy|Final Energy Use by Sector|Electricity,EJ,
Final energy demand|PATHWAYS - CEC 2050 In-State Biofuels|Fuel Oil,,EJ,
Final energy demand|PATHWAYS - CEC 2050 In-State Biofuels|Gasoline,,EJ,
Final energy demand|PATHWAYS - CEC 2050 In-State Biofuels|Hydrogen,,EJ,
Final energy demand|PATHWAYS - CEC 2050 In-State Biofuels|Kerosene,,EJ,
Final energy demand|PATHWAYS - CEC 2050 In-State Biofuels|Kerosene-Jet Fuel,,EJ,
Final energy demand|PATHWAYS - CEC 2050 In-State Biofuels|Liquified Pipeline Gas (LNG),,EJ,
Final energy demand|PATHWAYS - CEC 2050 In-State Biofuels|LPG,,EJ,
Final energy demand|PATHWAYS - CEC 2050 In-State Biofuels|Pipeline Gas,,EJ,
Final energy demand|PATHWAYS - CEC 2050 In-State Biofuels|Refinery and Process Gas,,EJ,
Final energy demand|PATHWAYS - CEC 2050 In-State Biofuels|Waste Heat,,EJ,
Final energy demand|PATHWAYS - CEC 2050 In-State Biofuels|Wood,,EJ,
Final energy demand|PATHWAYS - CEC 2050 In-State Biofuels|Total,,EJ,
Final energy demand|PATHWAYS - CEC 2050 In-State Biofuels|Residential,Buildings|Energy Use By Sub-Sector|Residential,EJ,
Final energy demand|PATHWAYS - CEC 2050 In-State Biofuels|Commercial,Buildings|Energy Use By Sub-Sector|Commercial,EJ,
Final energy demand|PATHWAYS - CEC 2050 In-State Biofuels|Transportation,Energy|Final Energy Use by Sector|Transportation,EJ,
Final energy demand|PATHWAYS - CEC 2050 In-State Biofuels|Industrial,Energy|Final Energy Use by Sector|Industry,EJ,
Final energy demand|PATHWAYS - CEC 2050 In-State Biofuels|Oil & Gas Extraction,,EJ,
Final energy demand|PATHWAYS - CEC 2050 In-State Biofuels|Petroleum Refining,,EJ,
Final energy demand|PATHWAYS - CEC 2050 In-State Biofuels|Agriculture,Energy|Final Energy Use by Sector|Agriculture,EJ,
Final energy demand|PATHWAYS - CEC 2050 In-State Biofuels|TCU,,EJ,
Final energy demand|PATHWAYS - CEC 2050 In-State Biofuels|Unspecified,,EJ,
Final energy demand|PATHWAYS - CEC 2050 No FCEVs Plus|Coke,,EJ,
Final energy demand|PATHWAYS - CEC 2050 No FCEVs Plus|Compressed Pipeline Gas (CNG),,EJ,
Final energy demand|PATHWAYS - CEC 2050 No FCEVs Plus|Diesel,,EJ,
Final energy demand|PATHWAYS - CEC 2050 No FCEVs Plus|Electricity,Energy|Final Energy Use by Sector|Electricity,EJ,
Final energy demand|PATHWAYS - CEC 2050 No FCEVs Plus|Fuel Oil,,EJ,
Final energy demand|PATHWAYS - CEC 2050 No FCEVs Plus|Gasoline,,EJ,
Final energy demand|PATHWAYS - CEC 2050 No FCEVs Plus|Hydrogen,,EJ,
Final energy demand|PATHWAYS - CEC 2050 No FCEVs Plus|Kerosene,,EJ,
Final energy demand|PATHWAYS - CEC 2050 No FCEVs Plus|Kerosene-Jet Fuel,,EJ,
Final energy demand|PATHWAYS - CEC 2050 No FCEVs Plus|Liquified Pipeline Gas (LNG),,EJ,
Final energy demand|PATHWAYS - CEC 2050 No FCEVs Plus|LPG,,EJ,
Final energy demand|PATHWAYS - CEC 2050 No FCEVs Plus|Pipeline Gas,,EJ,
Final energy demand|PATHWAYS - CEC 2050 No FCEVs Plus|Refinery and Process Gas,,EJ,
Final energy demand|PATHWAYS - CEC 2050 No FCEVs Plus|Waste Heat,,EJ,
Final energy demand|PATHWAYS - CEC 2050 No FCEVs Plus|Wood,,EJ,
Final energy demand|PATHWAYS - CEC 2050 No FCEVs Plus|Total,,EJ,
Final energy demand|PATHWAYS - CEC 2050 No FCEVs Plus|Residential,Buildings|Energy Use By Sub-Sector|Residential,EJ,
Final energy demand|PATHWAYS - CEC 2050 No FCEVs Plus|Commercial,Buildings|Energy Use By Sub-Sector|Commercial,EJ,
Final energy demand|PATHWAYS - CEC 2050 No FCEVs Plus|Transportation,Energy|Final Energy Use by Sector|Transportation,EJ,
Final energy demand|PATHWAYS - CEC 2050 No FCEVs Plus|Industrial,Energy|Final Energy Use by Sector|Industry,EJ,
Final energy demand|PATHWAYS - CEC 2050 No FCEVs Plus|Oil & Gas Extraction,,EJ,
Final energy demand|PATHWAYS - CEC 2050 No FCEVs Plus|Petroleum Refining,,EJ,
Final energy demand|PATHWAYS - CEC 2050 No FCEVs Plus|Agriculture,Energy|Final Energy Use by Sector|Agriculture,EJ,
Final energy demand|PATHWAYS - CEC 2050 No FCEVs Plus|TCU,,EJ,
Final energy demand|PATHWAYS - CEC 2050 No FCEVs Plus|Unspecified,,EJ,
Final energy demand|PATHWAYS - CEC 2050 Hydrogen In Plus|Coke,,EJ,
Final energy demand|PATHWAYS - CEC 2050 Hydrogen In Plus|Compressed Pipeline Gas (CNG),,EJ,
Final energy demand|PATHWAYS - CEC 2050 Hydrogen In Plus|Diesel,,EJ,
Final energy demand|PATHWAYS - CEC 2050 Hydrogen In Plus|Electricity,Energy|Final Energy Use by Sector|Electricity,EJ,
Final energy demand|PATHWAYS - CEC 2050 Hydrogen In Plus|Fuel Oil,,EJ,
Final energy demand|PATHWAYS - CEC 2050 Hydrogen In Plus|Gasoline,,EJ,
Final energy demand|PATHWAYS - CEC 2050 Hydrogen In Plus|Hydrogen,,EJ,
Final energy demand|PATHWAYS - CEC 2050 Hydrogen In Plus|Kerosene,,EJ,
Final energy demand|PATHWAYS - CEC 2050 Hydrogen In Plus|Kerosene-Jet Fuel,,EJ,
Final energy demand|PATHWAYS - CEC 2050 Hydrogen In Plus|Liquified Pipeline Gas (LNG),,EJ,
Final energy demand|PATHWAYS - CEC 2050 Hydrogen In Plus|LPG,,EJ,
Final energy demand|PATHWAYS - CEC 2050 Hydrogen In Plus|Pipeline Gas,,EJ,
Final energy demand|PATHWAYS - CEC 2050 Hydrogen In Plus|Refinery and Process Gas,,EJ,
Final energy demand|PATHWAYS - CEC 2050 Hydrogen In Plus|Waste Heat,,EJ,
Final energy demand|PATHWAYS - CEC 2050 Hydrogen In Plus|Wood,,EJ,
Final energy demand|PATHWAYS - CEC 2050 Hydrogen In Plus|Total,,EJ,
Final energy demand|PATHWAYS - CEC 2050 Hydrogen In Plus|Residential,Buildings|Energy Use By Sub-Sector|Residential,EJ,
Final energy demand|PATHWAYS - CEC 2050 Hydrogen In Plus|Commercial,Buildings|Energy Use By Sub-Sector|Commercial,EJ,
Final energy demand|PATHWAYS - CEC 2050 Hydrogen In Plus|Transportation,Energy|Final Energy Use by Sector|Transportation,EJ,
Final energy demand|PATHWAYS - CEC 2050 Hydrogen In Plus|Industrial,Energy|Final Energy Use by Sector|Industry,EJ,
Final energy demand|PATHWAYS - CEC 2050 Hydrogen In Plus|Oil & Gas Extraction,,EJ,
Final energy demand|PATHWAYS - CEC 2050 Hydrogen In Plus|Petroleum Refining,,EJ,
Final energy demand|PATHWAYS - CEC 2050 Hydrogen In Plus|Agriculture,Energy|Final Energy Use by Sector|Agriculture,EJ,
Final energy demand|PATHWAYS - CEC 2050 Hydrogen In Plus|TCU,,EJ,
Final energy demand|PATHWAYS - CEC 2050 Hydrogen In Plus|Unspecified,,EJ,
Final energy demand|PATHWAYS - CEC 2050 1 x AAEE|Coke,,EJ,
Final energy demand|PATHWAYS - CEC 2050 1 x AAEE|Compressed Pipeline Gas (CNG),,EJ,
Final energy demand|PATHWAYS - CEC 2050 1 x AAEE|Diesel,,EJ,
Final energy demand|PATHWAYS - CEC 2050 1 x AAEE|Electricity,Energy|Final Energy Use by Sector|Electricity,EJ,
Final energy demand|PATHWAYS - CEC 2050 1 x AAEE|Fuel Oil,,EJ,
Final energy demand|PATHWAYS - CEC 2050 1 x AAEE|Gasoline,,EJ,
Final energy demand|PATHWAYS - CEC 2050 1 x AAEE|Hydrogen,,EJ,
Final energy demand|PATHWAYS - CEC 2050 1 x AAEE|Kerosene,,EJ,
Final energy demand|PATHWAYS - CEC 2050 1 x AAEE|Kerosene-Jet Fuel,,EJ,
Final energy demand|PATHWAYS - CEC 2050 1 x AAEE|Liquified Pipeline Gas (LNG),,EJ,
Final energy demand|PATHWAYS - CEC 2050 1 x AAEE|LPG,,EJ,
Final energy demand|PATHWAYS - CEC 2050 1 x AAEE|Pipeline Gas,,EJ,
Final energy demand|PATHWAYS - CEC 2050 1 x AAEE|Refinery and Process Gas,,EJ,
Final energy demand|PATHWAYS - CEC 2050 1 x AAEE|Waste Heat,,EJ,
Final energy demand|PATHWAYS - CEC 2050 1 x AAEE|Wood,,EJ,
Final energy demand|PATHWAYS - CEC 2050 1 x AAEE|Total,,EJ,
Final energy demand|PATHWAYS - CEC 2050 1 x AAEE|Residential,Buildings|Energy Use By Sub-Sector|Residential,EJ,
Final energy demand|PATHWAYS - CEC 2050 1 x AAEE|Commercial,Buildings|Energy Use By Sub-Sector|Commercial,EJ,
Final energy demand|PATHWAYS - CEC 2050 1 x AAEE|Transportation,Energy|Final Energy Use by Sector|Transportation,EJ,
Final energy demand|PATHWAYS - CEC 2050 1 x AAEE|Industrial,Energy|Final Energy Use by Sector|Industry,EJ,
Final energy demand|PATHWAYS - CEC 2050 1 x AAEE|Oil & Gas Extraction,,EJ,
Final energy demand|PATHWAYS - CEC 2050 1 x AAEE|Petroleum Refining,,EJ,
Final energy demand|PATHWAYS - CEC 2050 1 x AAEE|Agriculture,Energy|Final Energy Use by Sector|Agriculture,EJ,
Final energy demand|PATHWAYS - CEC 2050 1 x AAEE|TCU,,EJ,
Final energy demand|PATHWAYS - CEC 2050 1 x AAEE|Unspecified,,EJ,
Final Energy Extended|Coke,,EJ,
Final Energy Extended|Electricity,,EJ,
Final Energy Extended|Fuel Oil,,EJ,
Final Energy Extended|Hydrogen,,EJ,
Final Energy Extended|Kerosene,,EJ,
Final Energy Extended|Conventional Jet Fuel,,EJ,
Final Energy Extended|LPG,,EJ,
Final Energy Extended|Refinery and Process Gas,,EJ,
Final Energy Extended|Waste Heat,,EJ,
Final Energy Extended|Conventional Diesel,,EJ,
Final Energy Extended|Renewable Diesel,,EJ,
Final Energy Extended|Conventional Gasoline / Conventional Ethanol,,EJ,
Final Energy Extended|Renewable Gasoline,,EJ,
Final Energy Extended|Renewable Ethanol,,EJ,
Final Energy Extended|Natural Gas,,EJ,
Final Energy Extended|Biogas,,EJ,
Final Energy Extended|Power to Gas,,EJ,
Final Energy Extended|Total,,EJ,
Final Energy Extended|Total Advanced Biofuels (units below),,EJ,
Final Energy Extended|% Non-Electric Biofuel,,EJ,
Final Energy Extended|hydrogen + electricity,,EJ,
Final Energy Extended|renewable diesel + diesel,,EJ,
Final Energy Extended|ethanol + gasoline,,EJ,
Final Energy Extended|biogas + NG,,EJ,
Final Energy Extended|renewable jet fuel + jet fuel,,EJ,
Generation by resource|CHP,,TWh,
Generation by resource|Nuclear,,TWh,
Generation by resource|Coal,,TWh,
Generation by resource|Natural Gas,,TWh,
Generation by resource|Natural Gas with CCS,,TWh,
Generation by resource|Hydro,,TWh,
Generation by resource|Biomass,,TWh,
Generation by resource|Geothermal,,TWh,
Generation by resource|Solar,,TWh,
Generation by resource|Wind,,TWh,
Generation by resource|Rooftop PV,,TWh,
Generation by resource|Imports,,TWh,
Generation by resource|Total Generation,,TWh,
Generation Portfolio|Curtailment,,TWh,
Generation Portfolio|CHP,Electricity|Generation by technology|Combined Heat and Power,TWh,
Generation Portfolio|Nuclear,Electricity|Generation by technology|Nuclear,TWh,
Generation Portfolio|Coal,Electricity|Generation by technology|Coal,TWh,
Generation Portfolio|Natural Gas,Electricity|Generation by technology|Gas,TWh,
Generation Portfolio|Natural Gas with CCS,Electricity|Generation by technology|Gas w/ CCS,TWh,
Generation Portfolio|Hydro,Electricity|Generation by technology|Hydro,TWh,
Generation Portfolio|Biomass,Electricity|Generation by technology|Biomass,TWh,
Generation Portfolio|Geothermal,Electricity|Generation by technology|Geothermal,TWh,
Generation Portfolio|Solar,Electricity|Generation by technology|Solar,TWh,
Generation Portfolio|Wind,Electricity|Generation by technology|Wind,TWh,
Generation Portfolio|Rooftop PV,Electricity|Generation by technology|Solar PV (distributed),TWh,This includes only rooftop PV
Generation Portfolio|Imports,Electricity|Generation by technology|Imports,TWh,
Generation Portfolio|Dispatchable Biogas,,TWh,
Installed Capacity|CHP,Electricity|Capacity by technology|Combined Heat and Power,GW,
Installed Capacity|Nuclear,Electricity|Capacity by technology|Nuclear,GW,
Installed Capacity|Coal,Electricity|Capacity by technology|Coal,GW,
Installed Capacity|Natural Gas,Electricity|Capacity by technology|Gas,GW,
Installed Capacity|Natural Gas with CCS,Electricity|Capacity by technology|Gas w/ CCS,GW,
Installed Capacity|Hydro,Electricity|Capacity by technology|Hydro,GW,
Installed Capacity|Biomass,Electricity|Capacity by technology|Biomass,GW,
Installed Capacity|Geothermal,Electricity|Capacity by technology|Geothermal,GW,
Installed Capacity|Solar,Electricity|Capacity by technology|Solar,GW,
Installed Capacity|Wind,Electricity|Capacity by technology|Wind,GW,
Installed Capacity|Rooftop PV,Electricity|Capacity by technology|Solar PV (distributed),GW,This includes only rooftop PV
Installed Capacity|Imports,,GW,
Installed Capacity|Storage,Electricity|Capacity by technology|Storage,GW,
Installed Capacity|Total Capacity,Electricity|Capacity by technology|Total,GW,